No,住所１,住所２,郵便番号,緯度,経度
1,,,,35.6585696,139.745484
2,,,,35.6581064,139.7413637
